pr_date,as_of,eth_held,eth_price_usd,pct_supply,staked_eth,source_type,source_url,supply_denominator
2025-07-14,2025-07-14 7:45am ET,163142,3072.67,,,primary,https://www.prnewswire.com/news-releases/bitmine-immersion-now-holds-approximately-500-million-of-ethereum-to-advance-its-ethereum-treasury-strategy-302504282.html,
2025-07-17,2025-07-17 3:45am ET,300657,3461.89,,,primary,https://www.prnewswire.com/news-releases/bitmine-immersion-now-holds-approximately-1-billion-of-ethereum1-to-advance-its-ethereum-treasury-strategy-302507907.html,
2025-07-24,2025-07-23 11:59pm ET,566776,3643.752,,,primary,https://www.prnewswire.com/news-releases/bitmine-immersion-eth-holdings-exceed-2-billion-of-ethereum-to-advance-its-ethereum-treasury-strategy-302513073.html,
2025-07-29,2025-07-28 10:45pm ET,625000,3755,,,primary,https://www.prnewswire.com/news-releases/bitmine-immersion-bmnr-announces-1-billion-stock-repurchase-program-302515955.html,
2025-08-04,2025-08-03 6:30pm ET,833137,3491.86,,,primary,https://www.prnewswire.com/news-releases/bitmine-immersion-bmnr-eth-holdings-exceed-833-000-tokens-valued-in-excess-of-2-9-billion-and-largest-eth-treasury-in-world-302520506.html,
2025-08-11,2025-08-10 10:59pm ET,1150263,4311,,,primary,https://www.prnewswire.com/news-releases/bitmine-immersion-bmnr-eth-holdings-exceed-1-15-million-tokens-valued-in-excess-of-4-96-billion-and-largest-eth-treasury-in-world-302526216.html,
2025-08-18,2025-08-17 11:59pm ET,1523373,4326,,,primary,https://www.prnewswire.com/news-releases/bitmine-immersion-bmnr-is-the-1-eth-treasury-in-the-world-now-2nd-largest-crypto-treasury-globally-and-the-10th-most-liquid-us-stock-trading-6-4-billion-per-day-on-average-302531968.html,
2025-08-25,2025-08-24 5:30pm ET,1713899,4808,,,primary,https://www.prnewswire.com/news-releases/bitmine-immersion-bmnr-reigns-as-the-1-eth-treasury-in-the-world-2nd-largest-crypto-treasury-globally-and-the-20th-most-liquid-us-stock-trading-2-8-billion-per-day-on-average-302537388.html,
2025-08-28,2025-08-27 5:00pm ET,1792690,4591,,,primary,https://www.prnewswire.com/news-releases/david-sharbutt-to-join-bitmine-bmnr-board-of-directors-302540618.html,
2025-09-02,2025-08-31 5:00pm ET,1866974,4458,,,primary,https://www.prnewswire.com/news-releases/bitmine-immersion-bmnr-announces-release-of-august-investor-presentation-and-latest-video-message-from-tom-lee-chairman-302543446.html,
2025-09-08,2025-09-07 8:30pm ET,2069443,4312,,,primary,https://www.prnewswire.com/news-releases/bitmine-immersion-bmnr-eth-holdings-exceed-2-069-million-reigning-as-the-1-eth-treasury-in-the-world-2nd-largest-crypto-treasury-globally-302548699.html,
2025-09-15,2025-09-14 6:00pm ET,2151676,4632,,,primary,https://www.prnewswire.com/news-releases/bitmine-immersion-bmnr-announces-crypto-and-cash-holdings-of-10-8-billion-eth-holdings-exceeding-2-151-million-302556218.html,
2025-09-22,2025-09-21 4:00pm ET,2416054,4497,greater than 2%,,primary,https://www.prnewswire.com/news-releases/bitmine-immersion-bmnr-announces-eth-holdings-exceed-2-of-ethereum-network-with-eth-holdings-exceeding-2-4-million-tokens-and-total-crypto-and-cash-holdings-of-11-4-billion-302562794.html,
2025-09-29,2025-09-28 7:00pm ET,2650900,4141,greater than 2%,,primary,https://www.prnewswire.com/news-releases/bitmine-immersion-bmnr-announces-eth-holdings-exceeding-2-65-million-tokens-and-total-crypto-and-cash-holdings-of-11-6-billion-302569157.html,
2025-10-06,2025-10-05 1:00pm ET,2830151,4535,greater than 2%,,primary,https://www.prnewswire.com/news-releases/bitmine-immersion-bmnr-announces-eth-holdings-exceeding-2-83-million-tokens-and-total-crypto-and-cash-holdings-of-13-4-billion-302575490.html,
2025-10-13,2025-10-12 6:00pm ET,3032188,4154,greater than 2.5%,,primary,https://www.prnewswire.com/news-releases/bitmine-immersion-bmnr-announces-eth-holdings-exceeding-3-03-million-tokens-and-total-crypto-and-cash-holdings-of-12-9-billion-302581550.html,
2025-10-20,2025-10-19 6:30pm ET,3236014,4022,2.7%,,primary,https://www.prnewswire.com/news-releases/bitmine-immersion-bmnr-announces-eth-holdings-reaching-3-24-million-tokens-and-total-crypto-and-cash-holdings-of-13-4-billion-302588585.html,
2025-10-27,2025-10-26 7:00pm ET,3313069,4164,2.8%,,primary,https://www.prnewswire.com/news-releases/bitmine-immersion-bmnr-announces-eth-holdings-exceeding-3-31-million-tokens-and-total-crypto-and-cash-holdings-of-14-2-billion-302594857.html,
2025-11-03,2025-11-02 7:00pm ET,3395422,3903,2.8%,,primary,https://www.prnewswire.com/news-releases/bitmine-immersion-bmnr-announces-eth-holdings-reaching-3-4-million-tokens-and-total-crypto-and-cash-holdings-of-13-7-billion-302602189.html,
2025-11-10,2025-11-09 8:00pm ET,3505723,3639,2.9%,,primary,https://www.prnewswire.com/news-releases/bitmine-immersion-bmnr-announces-eth-holdings-reaching-3-5-million-tokens-and-total-crypto-and-cash-holdings-of-13-2-billion-302609944.html,
2025-11-17,2025-11-16 7:30pm ET,3559879,3120,2.9%,,primary,https://www.prnewswire.com/news-releases/bitmine-immersion-bmnr-announces-eth-holdings-reaching-3-6-million-tokens-and-release-of-november-chairmans-message-302617138.html,
2025-11-24,2025-11-23 7:30pm ET,3629701,2840,3.0%,,primary,https://www.prnewswire.com/news-releases/bitmine-immersion-bmnr-announces-eth-holdings-reach-3-63-million-tokens-and-total-crypto-and-cash-holdings-of-11-2-billion-302624262.html,
2025-12-01,2025-11-30 6:30pm ET,3726499,3008,more than 3.0%,,primary,https://www.prnewswire.com/news-releases/bitmine-immersion-bmnr-announces-eth-holdings-reach-3-73-million-tokens-and-total-crypto-and-cash-holdings-of-12-1-billion-302628921.html,
2025-12-08,2025-12-07 4:00pm ET,3864951,3139,more than 3.2%,,primary,https://www.prnewswire.com/news-releases/bitmine-immersion-bmnr-announces-eth-holdings-exceed-3-86-million-tokens-and-total-crypto-and-total-cash-holdings-of-13-2-billion-302635031.html,
2025-12-15,2025-12-14 6:00pm ET,3967210,3074,more than 3.2%,,primary,https://www.prnewswire.com/news-releases/bitmine-immersion-bmnr-announces-eth-holdings-reach-3-97-million-tokens-and-total-crypto-and-total-cash-holdings-of-13-3-billion-302641888.html,
2025-12-22,2025-12-21 3:00pm ET,4066062,2991,3.37%,,primary,https://www.prnewswire.com/news-releases/bitmine-immersion-bmnr-announces-eth-holdings-reach-4-066-million-tokens-and-total-crypto-and-total-cash-holdings-of-13-2-billion-302647727.html,120.7M
2025-12-29,2025-12-28 6:00pm ET,4110525,2948,3.41%,408627,primary,https://www.prnewswire.com/news-releases/bitmine-immersion-bmnr-announces-eth-holdings-reach-4-11-million-tokens-and-total-crypto-and-total-cash-holdings-of-13-2-billion-302650000.html,120.7M
2026-01-05,2026-01-04 9:00pm ET,4143502,3196,3.43%,659219,primary,https://www.prnewswire.com/news-releases/bitmine-immersion-technologies-bmnr-announces-eth-holdings-reach-4-144-million-tokens-and-total-crypto-and-total-cash-holdings-of-14-2-billion-302652341.html,120.7M
2026-01-12,2026-01-11 7:00pm ET,4167768,3119,3.45%,1256083,primary,https://www.prnewswire.com/news-releases/bitmine-immersion-technologies-bmnr-announces-eth-holdings-reach-4-168-million-tokens-and-total-crypto-and-total-cash-holdings-of-14-0-billion-302658171.html,120.7M
2026-01-20,2026-01-19 5:00pm ET,4203036,3211,3.48%,1838003,primary,https://www.prnewswire.com/news-releases/bitmine-immersion-technologies-bmnr-announces-eth-holdings-reach-4-203-million-tokens-and-total-crypto-and-total-cash-holdings-of-14-5-billion-302665064.html,120.7M
2026-01-26,2026-01-25 8:00pm ET,4243338,2839,3.52%,2009267,primary,https://www.prnewswire.com/news-releases/bitmine-immersion-technologies-bmnr-announces-eth-holdings-reach-4-243-million-tokens-and-total-crypto-and-total-cash-holdings-of-12-8-billion-302669744.html,120.7M
2026-02-02,2026-02-01 6:00pm ET,4285125,2317,3.55%,2897459,primary,https://www.prnewswire.com/news-releases/bitmine-immersion-technologies-bmnr-announces-eth-holdings-reach-4-285-million-tokens-and-total-crypto-and-total-cash-holdings-of-10-7-billion-302676048.html,120.7M
2026-02-09,2026-02-08 3:00pm ET,4325738,2125,3.58%,2897459,primary,https://www.prnewswire.com/news-releases/bitmine-immersion-technologies-bmnr-announces-eth-holdings-reach-4-326-million-tokens-and-total-crypto-and-total-cash-holdings-of-10-0-billion-302682272.html,120.7M
2026-02-17,2026-02-16 5:00pm ET,4371497,1998,3.62%,3040483,primary,https://www.prnewswire.com/news-releases/bitmine-immersion-technologies-bmnr-announces-eth-holdings-reach-4-371-million-tokens-and-total-crypto-and-total-cash-holdings-of-9-6-billion-302689296.html,120.7M
2026-02-23,2026-02-22 6:00pm ET,4422659,1958,3.66%,3040483,primary,https://www.prnewswire.com/news-releases/bitmine-immersion-technologies-bmnr-announces-eth-holdings-reach-4-423-million-tokens-and-total-crypto-and-total-cash-holdings-of-9-6-billion-302694282.html,120.7M
2026-03-02,2026-03-01 2:00pm ET,4473587,1976,3.71%,3040483,primary,https://www.prnewswire.com/news-releases/bitmine-immersion-technologies-bmnr-announces-eth-holdings-reach-4-474-million-tokens-and-total-crypto-and-total-cash-holdings-of-9-9-billion-302700582.html,120.7M
2026-03-09,2026-03-08 4:00pm ET,4534563,1965,3.76%,3040483,primary,https://www.prnewswire.com/news-releases/bitmine-immersion-technologies-bmnr-announces-eth-holdings-reach-4-535-million-tokens-and-total-crypto-and-total-cash-holdings-of-10-3-billion-302708118.html,120.7M
2026-03-16,2026-03-15 7:00pm ET,4595562,2185,3.81%,3040515,primary,https://www.prnewswire.com/news-releases/bitmine-immersion-technologies-bmnr-announces-eth-holdings-reach-4-596-million-tokens-and-total-crypto-and-total-cash-holdings-of-11-5-billion-302714219.html,120.7M
2026-03-23,2026-03-22 3:00pm ET,4660903,2072,3.86%,3142643,primary,https://www.prnewswire.com/news-releases/bitmine-immersion-technologies-bmnr-announces-eth-holdings-reach-4-661-million-tokens-and-total-crypto-and-total-cash-holdings-of-11-0-billion-302721764.html,120.7M
2026-03-30,2026-03-29 6:00pm ET,4732082,2005,3.92%,3142643,primary,https://www.prnewswire.com/news-releases/bitmine-immersion-technologies-bmnr-announces-eth-holdings-reach-4-732-million-tokens-and-total-crypto-and-total-cash-holdings-of-10-7-billion-302728176.html,120.7M
2026-04-06,2026-04-05 8:30pm ET,4803334,2123,3.98%,3334637,primary,https://www.prnewswire.com/news-releases/bitmine-immersion-technologies-bmnr-announces-eth-holdings-reach-4-803-million-tokens-and-total-crypto-and-total-cash-holdings-of-11-4-billion-302734414.html,120.7M
2026-04-13,2026-04-12 3:30pm ET,4874858,2206,4.04%,3334637,primary,https://www.prnewswire.com/news-releases/bitmine-immersion-technologies-bmnr-announces-eth-holdings-reach-4-875-million-tokens-and-total-crypto-and-total-cash-holdings-of-11-8-billion-302740122.html,120.7M
2026-04-20,2026-04-19 4:00pm ET,4976485,2301,4.12%,3334637,primary,https://www.prnewswire.com/news-releases/bitmine-immersion-technologies-bmnr-announces-eth-holdings-reach-4-976-million-tokens-and-total-crypto-and-total-cash-holdings-of-12-9-billion-302746944.html,120.7M
2026-04-27,2026-04-26 4:00pm ET,5078386,2369,4.21%,3701589,primary,https://www.prnewswire.com/news-releases/bitmine-immersion-technologies-bmnr-announces-eth-holdings-reach-unprecedented-world-record-of-5-078-million-tokens-and-total-crypto-and-total-cash-holdings-of-13-3-billion-302753891.html,120.7M
2026-05-04,2026-05-03 4:30pm ET,5180131,2336,4.29%,4362757,primary,https://www.prnewswire.com/news-releases/bitmine-immersion-technologies-bmnr-announces-eth-holdings-reach-5-18-million-tokens-and-total-crypto-and-total-cash-holdings-of-13-1-billion-302760926.html,120.7M
2026-05-11,2026-05-10 4:00pm ET,5206790,2366,4.31%,4712917,primary,https://www.prnewswire.com/news-releases/bitmine-immersion-technologies-bmnr-announces-eth-holdings-reach-5-21-million-tokens-and-total-crypto-and-total-cash-holdings-of-13-4-billion-302767816.html,120.7M
2026-05-18,2026-05-17 4:00pm ET,5278462,2191,4.37%,4712917,primary,https://www.prnewswire.com/news-releases/bitmine-immersion-technologies-bmnr-announces-eth-holdings-reach-5-28-million-tokens-and-total-crypto-and-total-cash-holdings-of-12-6-billion-302774396.html,120.7M
2026-05-26,2026-05-25 1:00pm ET,5390404,2134,4.47%,4712917,primary,https://www.prnewswire.com/news-releases/bitmine-immersion-technologies-bmnr-announces-eth-holdings-reach-5-39-million-tokens-and-total-crypto-and-total-cash-holdings-of-12-3-billion-302781471.html,120.7M
2026-06-01,2026-05-31 2:00pm ET,5416901,2003,4.49%,4718677,primary,https://www.prnewswire.com/news-releases/bitmine-immersion-technologies-bmnr-announces-eth-holdings-reach-5-42-million-tokens-and-total-crypto-and-total-cash-holdings-of-11-6-billion-302786720.html,120.7M
2026-06-08,2026-06-07 3:00pm ET,5543872,1630,4.59%,4718677,primary,https://www.prnewswire.com/news-releases/bitmine-immersion-technologies-bmnr-announces-eth-holdings-reach-5-54-million-tokens-and-total-crypto-and-total-cash-holdings-of-9-6-billion-302793756.html,120.7M
2026-06-15,2026-06-14 6:00pm ET,5620754,1718,4.66%,4718677,primary,https://www.prnewswire.com/news-releases/bitmine-immersion-technologies-bmnr-announces-eth-holdings-reach-5-62-million-tokens-and-total-crypto-and-total-cash-holdings-of-10-4-billion-302799963.html,120.7M
2026-06-22,2026-06-21 3:00pm ET,5672956,1733,4.7%,4718677,primary,https://www.prnewswire.com/news-releases/bitmine-immersion-technologies-bmnr-announces-eth-holdings-reach-5-67-million-tokens-and-total-crypto-and-total-cash-holdings-of-10-7-billion-302805995.html,120.7M
2026-06-29,2026-06-28 3:00pm ET,5700040,1569,4.7%,4879157,primary,https://www.prnewswire.com/news-releases/bitmine-immersion-technologies-bmnr-announces-eth-holdings-reach-5-70-million-tokens-and-total-crypto-and-total-cash-holdings-of-9-8-billion-302812787.html,120.7M
2026-07-06,2026-07-05 6:30pm ET,5742237,1800,4.8%,4879157,primary,https://www.prnewswire.com/news-releases/bitmine-immersion-technologies-bmnr-announces-eth-holdings-reach-5-74-million-tokens-and-total-crypto-and-total-cash-holdings-of-11-1-billion-302818093.html,120.7M
2026-07-13,2026-07-12 5:00pm ET,5770038,1820,4.8%,4917189,primary,https://www.prnewswire.com/news-releases/bitmine-immersion-technologies-bmnr-announces-eth-holdings-reach-5-77-million-tokens-and-total-crypto-and-total-cash-holdings-of-11-3-billion-302823523.html,120.7M
2026-07-20,2026-07-19 8:30pm ET,5777468,1879,4.8%,4917189,primary,https://www.prnewswire.com/news-releases/bitmine-immersion-technologies-bmnr-announces-eth-holdings-reach-5-78-million-tokens-and-total-crypto-and-total-cash-holdings-of-11-5-billion-302829332.html,120.7M
2026-07-27,2026-07-26 7:00pm ET,5787414,1948,4.8%,4917189,primary,https://www.prnewswire.com/news-releases/bitmine-immersion-technologies-bmnr-announces-eth-holdings-reach-5-79-million-tokens-and-total-crypto-and-total-cash-holdings-of-11-8-billion-302834876.html,120.7M
2026-08-03,2026-08-02 4:00pm ET,5797813,1880,4.8%,4917189,primary,https://www.prnewswire.com/news-releases/bitmine-immersion-technologies-bmnr-announces-eth-holdings-reach-5-8-million-tokens-and-total-crypto-and-total-cash-holdings-of-11-3-billion-302840749.html,120.7M
2026-08-10,2026-08-09 6:30pm ET,5805238,1928,4.8%,5067309,primary,https://www.prnewswire.com/news-releases/bitmine-immersion-technologies-bmnr-announces-eth-holdings-reach-5-81-million-tokens-and-total-crypto-and-total-cash-holdings-of-11-6-billion-302846858.html,120.7M
2026-08-17,2026-08-16 9:30pm ET,5815164,1893,4.8%,5067309,primary,https://www.prnewswire.com/news-releases/bitmine-immersion-technologies-bmnr-announces-eth-holdings-reach-5-82-million-tokens-and-total-crypto-and-total-cash-holdings-of-11-4-billion-302852583.html,120.7M
2026-08-24,2026-08-23 2:00pm ET,5847611,2440,4.8%,5067309,primary,https://www.prnewswire.com/news-releases/bitmine-immersion-technologies-bmnr-announces-eth-holdings-reach-5-85-million-tokens-and-total-crypto-and-total-cash-holdings-of-14-9-billion-302857967.html,120.7M
2026-08-31,2026-08-30 3:00pm ET,5901112,2511,4.9%,5067309,primary,https://www.prnewswire.com/news-releases/bitmine-immersion-technologies-bmnr-announces-eth-holdings-reach-5-90-million-tokens-and-total-crypto-and-total-cash-holdings-of-15-6-billion-302864579.html,120.7M
2026-09-08,2026-09-07 2:00pm ET,5929198,2495,4.9%,5067309,primary,https://www.prnewswire.com/news-releases/bitmine-immersion-technologies-bmnr-announces-eth-holdings-reach-5-93-million-tokens-and-total-crypto-and-total-cash-holdings-of-15-7-billion-302871960.html,122.0M
2026-09-14,2026-09-13 5:30pm ET,5956378,2513,4.9%,5067309,primary,https://www.prnewswire.com/news-releases/bitmine-immersion-technologies-bmnr-announces-eth-holdings-reach-5-96-million-tokens-and-total-crypto-and-total-cash-holdings-of-15-8-billion-302877149.html,122.0M
2026-09-21,2026-09-20 9:00pm ET,5983940,2688,4.9%,5067309,primary,https://www.prnewswire.com/news-releases/bitmine-immersion-technologies-bmnr-announces-eth-holdings-reach-5-98-million-tokens-and-total-crypto-and-total-cash-holdings-of-17-1-billion-302884434.html,122.1M
2026-09-28,2026-09-27 3:00pm ET,6001302,2698,4.9%,5067309,primary,https://www.prnewswire.com/news-releases/bitmine-immersion-technologies-bmnr-announces-eth-holdings-reach-over-6-million-tokens-with-total-crypto-cash--marketable-securities-holdings-of-17-2-billion-302891056.html,122.1M
